{
    "untrained_bert": [0.700538694858551, 0.3791666626930237], 
    "xgboost": {"accuracy": 0.97, "precision": 0.9864636209813875, "recall": 0.9541734860883797, "f1-score": 0.9700499168053245}, 
    "bi-lstm": {"accuracy": 0.98, "precision": 0.9772357723577236, "recall": 0.983633387888707, "f1-score": 0.9804241435562807}, 
    "bert": {"accuracy": 0.985, "precision": 0.9884678747940692, "recall": 0.9819967266775778, "f1-score": 0.9852216748768473}
}