{"xgboost": {"accuracy": 0.97, "precision": 0.9864636209813875, "recall": 0.9541734860883797, "f1-score": 0.9700499168053245}, "bi-lstm": {"accuracy": 0.9816666666666667, "precision": 0.9819967266775778, "recall": 0.9819967266775778, "f1-score": 0.9819967266775778}, "bert": {"accuracy": 0.9858333333333333, "precision": 0.9900990099009901, "recall": 0.9819967266775778, "f1-score": 0.9860312243221035}}